"";"my_intensity";"pattern";"theoretical_intensity";"process_type";"my_kappa";"my_mu";"my_scale";"my_r";"expect_disp_ind";"nsim";"sample_size";"intensity";"pop_size";"dispersion_index";"mean_random";"median_random";"var_random";"mean_syst";"median_syst";"var_syst";"mean_BAS";"median_BAS";"var_BAS";"prop_zero_random";"prop_zero_syst";"prop_zero_BAS";"biais_random";"biais_syst";"biais_BAS";"MSE_random";"MSE_syst";"MSE_BAS";"RMSE_random";"RMSE_syst";"RMSE_BAS";"var_ratio_syst";"var_ratio_BAS";"cluster_diam"
"9";"intensity = 1";"int1_disp0.4";1;"SSI";NA;NA;NA;0,69;0,392140856;5000;"400";1;10000;0,390778437843784;1,0002395;1;0,000907615412832566;1,0003915;1;0,000992826543058612;1,000429;1;0,000935925644128826;0,1873295;0,187227;0,1870125;0,000239499999999948;0,0003915000000001;0,000429000000000013;0,00090749125;0,00099278125;0,0009359225;0,0301245954329681;0,0315084314112905;0,0305928504719649;1,09388462229846;1,03119188027879;NA
"18";"intensity = 1";"int1_disp0.6";1;"SSI";NA;NA;NA;0,47;0,607346939;5000;"400";1;10000;0,608634903490349;1,0005225;1;0,00143097693913783;1,000484;1;0,00148525779555911;0,9994545;1;0,00147737665508102;0,2715095;0,27207;0,272326;0,000522499999999981;0,000483999999999929;-0,000545499999999977;0,00143096375;0,001485195;0,00147737875;0,037828081500388;0,0385382277745098;0,0384366849507082;1,03793272619333;1,03242520174444;NA
"27";"intensity = 1";"int1_disp0.8";1;"SSI";NA;NA;NA;0,29;0,810312125;5000;"400";1;10000;0,808348914891489;1,00012;1;0,00197764612922584;0,999519;1;0,00192563626625325;1,000522;1;0,00197906832966593;0,328203;0,327569;0,3277695;0,000119999999999898;-0,000480999999999954;0,000521999999999911;0,001977265;0,0019254825;0,001978945;0,0444664480254495;0,043880320190263;0,0444853346621108;0,973701127717448;1,00071913797877;NA
"36";"intensity = 1";"int1_disp1";1;"poisson";NA;NA;NA;NA;1;10000;"400";1,00018873;10001,8873;0,999982908260623;1,00053975;1;0,00249190848578608;1,00022575;1;0,00247663357529503;1,00054125;1;0,0024943558590234;0,3675675;0,36744225;0,36736075;0,000351019999999869;3,70199999999432e-05;0,000352519999999856;0,00238674838;0,00237512043;0,00238124238;0,0488543588638721;0,0487352072941113;0,0487979751629102;0,993870196045249;1,00098212805618;NA
"45";"intensity = 1";"int1_disp2";1;"Matern_cluster";0,01;100;5,5;NA;1,998091237;10000;"400";0,99961692;9996,1692;1,97828163248612;0,99999725;0,9975;0,0140262957470122;0,99935275;0,9975;0,0120440723496725;0,99970125;0,9975;0,0127188232557631;0,5282665;0,5284765;0,52846;0,000380329999999929;-0,000264170000000008;8,43299999999658e-05;0,004771352135;0,002515794985;0,003024968235;0,0690749747375994;0,050157701153462;0,0549997112265146;0,85867805491254;0,906784192003963;11
"54";"intensity = 1";"int1_disp3";1;"Matern_cluster";0,01;100;3,8125;NA;2,981880737;10000;"400";1,00103338;10010,3338;2,9888112774058;1,0016205;0,9975;0,017084806210371;1,00163325;0,9975;0,0126766632857661;1,000615;0,9975;0,0135991741924192;0,64238625;0,642397;0,64254725;0,000587120000000052;0,000599870000000058;-0,00041837999999994;0,00736832133;0,003117354205;0,00423731658;0,0858389266591795;0,0558332714875279;0,0650946739756795;0,741984610751448;0,795980593807619;7,625
"63";"intensity = 1";"int1_disp4";1;"Matern_cluster";0,01;100;3,0625;NA;4,021082813;10000;"400";1,00130122;10013,0122;4,01846578927106;1,001858;1;0,0196318735233523;1,00096225;1;0,0131172239223297;1,002742;1;0,0158932257585759;0,71837075;0,7183795;0,71820725;0,000556779999999923;-0,00033897000000005;0,00144078000000003;0,00977424722;0,003403888595;0,00601882152;0,0988647926210337;0,0583428538468937;0,0775810641845032;0,668159557299849;0,809562354793631;6,125
"72";"intensity = 1";"int1_disp5";1;"Matern_cluster";0,01;100;2,625;NA;5,031779277;10000;"400";0,9986731;9986,731;5,02534549025744;0,99809425;0,9925;0,0213369674386814;0,9994415;0,995;0,0136749618239324;0,9983395;0,995;0,0176438496247125;0,767877;0,76774325;0,7676845;-0,00057885000000002;0,000768400000000002;-0,000333599999999934;0,012019857949;0,003888692674;0,007728000624;0,109635112755905;0,062359383207341;0,0879090474524665;0,640904658229047;0,826914587343199;5,25
"81";"intensity = 1";"int1_disp6";1;"Matern_cluster";0,01;100;2,34375;NA;5,991725395;10000;"400";1,00144131;10014,4131;5,96641780946446;1,002363;0,995;0,024498493580358;1,00076225;0,9975;0,0152516860185394;1,00044275;0,9975;0,019133775474985;0,7991735;0,7993775;0,799375;0,000921689999999975;-0,000679059999999954;-0,000998559999999982;0,014525314429;0,005297696754;0,009512628454;0,120521012396179;0,0727852784153499;0,0975327045354531;0,622556075479171;0,781018449653808;4,6875
"90";"intensity = 1";"int1_disp7";1;"Matern_cluster";0,01;100;2,109375;NA;7,030027876;10000;"400";1,00014243;10001,4243;7,0199336468819;1,001685;0,995;0,0267252970547055;1,00019525;0,9975;0,0173598447369112;1,00214175;1;0,021341626444582;0,825578;0,82552525;0,825566;0,00154257000000002;5,28200000000645e-05;0,00199932000000014;0,016794141041;0,007636590416;0,011948477116;0,129592210572241;0,0873875873107846;0,10930908981416;0,649566016099891;0,798555256500858;4,21875
"99";"intensity = 1";"int1_disp8";1;"Matern_cluster";0,01;100;1,95;NA;7,955611749;10000;"400";0,99878667;9987,8667;7,94744500226116;0,9973125;0,9925;0,0281408314268927;0,99948775;0,995;0,0192373357085084;1,00220228007519;0,9975;0,0235343187464354;0,84334425;0,84322075;0,84276675;-0,00147416999999994;0,000701080000000021;0,00341561007518798;0,018879209017;0,009944764492;0,0137022057213459;0,137401633967723;0,099723440032923;0,117056421102586;0,683609358113146;0,836305025584456;3,9
"108";"intensity = 1";"int1_disp9";1;"Matern_cluster";0,01;100;1,803125;NA;8,994855325;10000;"400";1,00133744;10013,3744;8,98875119191369;1,0014615;0,99625;0,0318357175895089;1,00155725;0,9975;0,022891872284666;1,00289925;1;0,0262122987043079;0,8580005;0,85834925;0,85811525;0,000124060000000092;0,000219810000000153;0,00156181000000011;0,021676311838;0,012862194013;0,016480270663;0,147228773811372;0,113411613219282;0,128375506476119;0,719062550429512;0,823361327747984;3,60625
"117";"intensity = 1";"int1_disp10";1;"Matern_cluster";0,01;100;1,6875;NA;9,988362941;10000;"400";0,99993543;9999,3543;9,98438553778435;0,99975575;0,995;0,0335949667136089;1,00041825;0,9975;0,0243926487068082;0,99831449122807;0,9925;0,0284103794629306;0,87001275;0,8700295;0,8702015;-0,000179679999999904;0,000482820000000106;-0,00162093877192981;0,02384047962;0,01480360882;0,0184885934124361;0,154403625669866;0,121670081860743;0,135972767172093;0,726080454692847;0,845673689904921;3,375
"126";"intensity = 1";"int1_disp11";1;"Matern_cluster";0,01;100;1,5875;NA;10,9921926;10000;"400";1,0000972;10000,972;10,9989949518179;1,00183225;0,995;0,0367360895938969;1,00067625;0,995;0,0278399535562931;0,9982455;0,9925;0,0298454425240024;0,8797165;0,87994;0,879976;0,00173505000000018;0,000579050000000025;-0,0018516999999999;0,026977309339;0,017710279339;0,020107278414;0,164247707256448;0,133079973470842;0,141800135451275;0,757836608742328;0,812428400897649;3,175
"135";"intensity = 1";"int1_disp12";1;"Matern_cluster";0,01;100;1,50625;NA;11,98336521;10000;"400";1,00044398;10004,4398;11,9575106150457;1,0041075;0,995;0,038706861629913;1,0004175;0,9925;0,0297349104347935;0,997595260651629;0,99;0,0327106760777972;0,887588;0,887751;0,888039;0,00366351999999992;-2,64800000000509e-05;-0,00284871934837094;0,028443752788;0,019921712538;0,0226681244151371;0,168652758020733;0,141144296866717;0,150559371728023;0,768207733272131;0,845087271361678;3,0125
"144";"intensity = 1";"int1_disp13";1;"Matern_cluster";0,01;100;1,425;NA;13,04948958;10000;"400";1,00113464;10011,3464;13,0480264103127;1,0011035;0,9925;0,0414087619139414;0,9995315;0,9925;0,0329719064483948;1,000106;0,99;0,0354333145954595;0,89538875;0,8954355;0,89538525;-3,11400000001516e-05;-0,00160314000000006;-0,00102864000000014;0,031525677476;0,023009195076;0,025151105126;0,177554716850891;0,151687821119561;0,158590999511322;0,796254341458443;0,855696064255665;2,85
"153";"intensity = 1";"int1_disp14";1;"Matern_cluster";0,01;100;1,3625;NA;14,013481;10000;"400";1,0006173;10006,173;13,9922208345324;1,000926;0,9925;0,0439625675307531;1,000865;0,995;0,0357276270377038;1,0002325;0,9925;0,037016760119762;0,90106925;0,90111825;0,90103825;0,00030869999999994;0,000247699999999851;-0,000384799999999963;0,033131156904;0,025473186704;0,027272577904;0,182019660762237;0,159603216458817;0,165144112532055;0,812682903761507;0,842006329449882;2,725
"162";"intensity = 1";"int1_disp15";1;"Matern_cluster";0,01;100;1,30625;NA;14,97974197;10000;"400";1,00029166;10002,9166;14,953765673419;1,00184225;0,9925;0,0469850639963371;0,99904825;0,9875;0,0388418214790854;1,00391625;0,995;0,0394562542363611;0,9060735;0,9061455;0,9059965;0,00155058999999991;-0,00124341000000006;0,00362459000000004;0,036780032019;0,028300112519;0,029245476919;0,191781208722335;0,168226372840289;0,171013089905422;0,82668444342469;0,839761636579596;2,6125
"171";"intensity = 1";"int1_disp16";1;"Matern_cluster";0,01;100;1,25;NA;16,00245654;10000;"400";0,99963272;9996,3272;16,01617908606;1,0009255;0,99;0,0490047726770177;1,002137;0,9925;0,0392449277237724;0,99915175;0,9925;0,0418868485317907;0,9110515;0,91100075;0,9112025;0,00129277999999988;0,00250428000000003;-0,000480970000000025;0,038804209972;0,029262961322;0,031864337847;0,19698784219337;0,171064202339356;0,178505848215121;0,800838889355312;0,854750389474509;2,5
"180";"intensity = 1";"int1_disp17";1;"Matern_cluster";0,01;100;1,2;NA;17,03596475;10000;"400";0,99876869;9987,6869;17,0611389456986;0,9999755;0,9925;0,0513795161013601;0,9976085;0,99;0,0422767446522152;0,999196930451128;0,99;0,045016404117706;0,9154095;0,915611;0,915464;0,00120681;-0,00116019000000001;0,00042824045112777;0,040928427335;0,032316919935;0,034865826773972;0,202307754016004;0,179769073911505;0,186723931979733;0,822832674578188;0,876154692249316;2,4
"189";"intensity = 1";"int1_disp18";1;"Matern_cluster";0,01;100;1,15625;NA;18,0469843;10000;"400";0,99979967;9997,9967;18,0706304876758;0,99920075;0,99;0,0528830213765752;0,995592;0,985;0,0454359193779378;0,9997165;0,9925;0,0468725056283128;0,91910925;0,91931375;0,91921025;-0,000598920000000058;-0,00420767;-8,31700000000213e-05;0,043074743052;0,035539434177;0,037357321577;0,207544556787211;0,188519055209281;0,19328042212547;0,859177826743158;0,886343185547929;2,3125
"198";"intensity = 1";"int1_disp19";1;"Matern_cluster";0,01;100;1,115625;NA;19,02468195;10000;"400";1,00258573;10025,8573;19,0727341314037;1,0010935;0,99;0,0549017106788179;1,0002895;0,9875;0,0474002487146215;1,00264575;0,98875;0,0498820538373212;0,92229225;0,9223835;0,92215975;-0,00149222999999998;-0,00229623000000001;6,00199999998274e-05;0,045809270853;0,037976879453;0,039921969178;0,21403100441992;0,194876574921154;0,199804827714447;0,86336560607226;0,908570119593134;2,23125
"207";"intensity = 1";"int1_disp20";1;"Matern_cluster";0,01;100;1,08125;NA;19,96127823;10000;"400";0,99917458;9991,7458;19,9944303416392;1,00125525;0,9875;0,057500123734811;0,9980605;0,9875;0,0497830441441644;0,9996525;0,9875;0,0521065011438644;0,92538175;0,9253595;0,92521075;0,00208067000000001;-0,00111408000000002;0,000477920000000021;0,047265467067;0,039663247892;0,042343959442;0,217406225915911;0,199156340325886;0,205776479321617;0,865790208970027;0,906198069836826;2,1625
"216";"intensity = 1";"int1_disp21";1;"Matern_cluster";0,01;100;1,046875;NA;20,98927839;10000;"400";0,99975224;9997,5224;20,9876426299306;0,99769775;0,9875;0,0594275642763651;1,002719;0,9925;0,0524136184008401;0,9997725;0,9925;0,0530527072644764;0,92823375;0,9279935;0,92797525;-0,00205448999999991;0,00296675999999996;2,02599999999942e-05;0,049780672657;0,042412638032;0,043389045182;0,223115827894392;0,205943288387847;0,208300372496066;0,88197487208281;0,892728953482887;2,09375
"225";"intensity = 1";"int1_disp22";1;"Matern_cluster";0,01;100;1,015625;NA;21,97406627;10000;"400";0,99891914;9989,1914;21,9545025826327;0,99728525;0,9825;0,0640639208995274;0,99966675;0,99;0,0533384784172792;1,00224125;0,99;0,0566007374971872;0,93065;0,9304865;0,93036275;-0,00163389000000003;0,00074761000000001;0,00332210999999993;0,054553880379;0,043998907179;0,046806765479;0,233567721183814;0,209759164708005;0,216348712681633;0,83258217212354;0,883504111244692;2,03125
"234";"intensity = 1";"int1_disp23";1;"Matern_cluster";0,01;100;0,98125;NA;23,00996667;10000;"400";0,99881754;9988,1754;23,0932653059762;0,9974295;0,985;0,0649306818479348;0,99588525;0,985;0,05650717892533;1,00081825;0,99;0,0590426203539729;0,933327;0,93332725;0,933055;-0,00138804000000003;-0,00293229000000006;0,00200071000000002;0,055668897674;0,047095897099;0,049041446449;0,235942572830763;0,217015891351302;0,221453034409104;0,870269298228959;0,909317731981446;1,9625
"243";"intensity = 1";"int1_disp24";1;"Matern_cluster";0,01;100;0,95625;NA;24,00159022;10000;"400";0,99972753;9997,2753;23,9792919296971;1,00098125;0,99;0,0662963761610536;1,004892;0,99;0,0585739807340734;1,00134175;0,9875;0,0617759679287304;0,935186;0,93503825;0,9350285;0,0012537199999999;0,00516446999999987;0,00161421999999989;0,056199825344;0,048491956769;0,051749192344;0,237065023451373;0,220208893482984;0,227484488139301;0,883517080809663;0,931815153495844;1,9125
"252";"intensity = 1";"int1_disp25";1;"Matern_cluster";0,01;100;0,9296875;NA;25,00657478;10000;"400";0,99967633;9996,7633;24,9699569649067;1,00414875;0,99;0,0702514011385514;0,999066;0,9875;0,0636304869426943;1,00146;0,99;0,0631196503650365;0,9370595;0,93711275;0,9371445;0,00447241999999992;-0,000610329999999992;0,00178367000000001;0,058883137624;0,052413946649;0,052931254799;0,242658479398516;0,228940923927986;0,230067935182198;0,905753990830743;0,898482440806419;1,859375
"261";"intensity = 1";"int1_disp26";1;"Matern_cluster";0,01;100;0,9046875;NA;25,96370659;10000;"400";0,99911863;9991,1863;25,9489152074352;1,00212;0,9875;0,0722529946494649;1,001008;0,9875;0,0660657905150515;0,99409;0,9825;0,0658175411541154;0,93900775;0,93898925;0,939265;0,00300136999999989;0,00188936999999989;-0,00502862999999998;0,062487124639;0,055379824239;0,056117962489;0,249974247951664;0,235329182718591;0,236892301455746;0,914367505950021;0,910931671046008;1,809375
"270";"intensity = 1";"int1_disp27";1;"Matern_cluster";0,01;100;0,8796875;NA;26,9671374;10000;"400";0,99917665;9991,7665;27,0001462162304;0,99770175;0,98;0,0750926079327308;0,99790925;0,9825;0,0672364480342409;1,000548;0,985;0,0714522624222422;0,94098575;0,94105;0,94083525;-0,00147489999999995;-0,00126740000000003;0,00137134999999999;0,064255270402;0,057141129202;0,060214980177;0,253486233160699;0,239042107591947;0,245387408350551;0,895380382773128;0,951521919258023;1,759375
"279";"intensity = 1";"int1_disp28";1;"Matern_cluster";0,01;100;0,85625;NA;28,03641094;10000;"400";0,99966938;9996,6938;28,0338770336934;1,00223425;0,98625;0,0764496024621837;1,0009145;0,9825;0,0709431355033003;1,005055;0,99;0,071689949719972;0,94253975;0,94258675;0,94243125;0,00256487000000005;0,00124511999999988;0,00538561999999998;0,066110848671;0,061022869296;0,061643143596;0,25712029999788;0,247028073902542;0,248280372957671;0,927972588718075;0,937741301603679;1,7125
"288";"intensity = 1";"int1_disp29";1;"Matern_cluster";0,01;100;0,83515625;NA;29,02217337;10000;"400";0,9993247;9993,247;29,002263033181;0,99743525;0,98;0,0799703472171592;0,99832675;0,9825;0,0716742682862661;0,998261;0,9825;0,0732203729162916;0,94427225;0,9443145;0,94407725;-0,00188944999999996;-0,000997949999999914;-0,0010637;0,070585022389;0,061764104739;0,064108474064;0,265678419125453;0,24852385144891;0,253196512740598;0,896260561325748;0,915594035342399;1,6703125
"297";"intensity = 1";"int1_disp30";1;"Matern_cluster";0,01;100;0,815625;NA;29,96737049;10000;"400";0,99918901;9991,8901;29,9490417972946;1,00237625;0,985;0,0814399843093684;1,001347;0,985;0,0725985154425443;1,0039515;0,9875;0,0761298723849885;0,9455115;0,9454465;0,9454655;0,00318723999999992;0,00215798999999994;0,00476249000000006;0,072343787296;0,063207636521;0,065999146921;0,268968004223551;0,251411289565524;0,256902991265186;0,891435773940748;0,934797237875093;1,63125
"306";"intensity = 1";"int1_disp31";1;"Matern_cluster";0,01;100;0,7953125;NA;30,9992582;10000;"400";1,00005159;10000,5159;30,9835297342234;1,00055925;0,98;0,0852850413685744;1,00008725;0,9825;0,0762943524476823;1,00386125;0,99;0,0787521828417217;0,94700575;0,946937;0,946854;0,000507660000000021;3,56599999999929e-05;0,00380965999999994;0,074593743586;0,066380318936;0,069983005286;0,273118552255243;0,257643783033862;0,264543012166264;0,894580705166839;0,923399714392823;1,590625
"315";"intensity = 1";"int1_disp32";1;"Matern_cluster";0,01;100;0,7765625;NA;31,95562465;10000;"400";1,00070777;10007,0777;31,9745461062174;1,010046;0,9925;0,0883522118551855;1,00040425;0,985;0,07748767722466;0,997924078320802;0,98;0,0809977655875833;0,94797475;0,948367;0,9484115;0,00933823;-0,000303519999999891;-0,00278369167919801;0,078148745187;0,068351675312;0,0711566559955846;0,279550970642207;0,261441533257438;0,266752049655827;0,877031549042222;0,916759907724138;1,553125
"324";"intensity = 1";"int1_disp33";1;"Matern_cluster";0,01;100;0,759375;NA;33,03074224;10000;"400";0,99844985;9984,4985;32,9156646428924;0,995745;0,975;0,0913378600110011;1,0003365;0,9825;0,0838538809058406;0,99817425;0,98;0,0837761486268002;0,949508;0,94959225;0,9495825;-0,00270484999999998;0,00188664999999999;-0,000275599999999931;0,080272329935;0,073491615785;0,07343277961;0,283323719330027;0,271093370972069;0,270984832804347;0,918062683926916;0,9172116427592;1,51875
"333";"intensity = 1";"int1_disp34";1;"Matern_cluster";0,01;100;0,740625;NA;34,03626429;10000;"400";0,99923475;9992,3475;33,9691261576862;0,999983;0,98;0,0902530225132513;0,99705675;0,9775;0,085613804284866;1,00087425;0,9825;0,0850359999119287;0,9506455;0,95085625;0,95072925;0,000748250000000006;-0,0021779999999999;0,00163950000000013;0,080647052171;0,075677723246;0,075659358846;0,283984246342997;0,275095843745412;0,275062463535103;0,948597641395288;0,942195591282756;1,48125
"342";"intensity = 1";"int1_disp35";1;"Matern_cluster";0,01;100;0,721875;NA;34,99660539;10000;"400";1,00127568;10012,7568;35,0629314364027;1,0040435;0,985;0,0932392090286529;1,00058725;0,9825;0,0892071539778353;0,9980575;0,9825;0,0872104739911491;0,95178075;0,952054;0,952066;0,00276782000000009;-0,000688430000000073;-0,00321817999999996;0,0832850895;0,079130286325;0,07744521835;0,28859156172695;0,281301059942902;0,278289810000294;0,956755799487976;0,935341203552562;1,44375
"351";"intensity = 1";"int1_disp36";1;"Matern_cluster";0,01;100;0,70625;NA;36,00421495;10000;"400";1,00109238;10010,9238;36,0413383053853;0,99703875;0,975;0,0957260729807356;0,99833125;0,9825;0,0884466480632438;1,002277;0,9875;0,0896223350045005;0,9531305;0,952991;0,9529935;-0,00405363000000003;-0,00276113;0,00118462000000008;0,085972190857;0,079253263357;0,079961600682;0,293210147943416;0,281519561233318;0,282774823281706;0,923955671732646;0,936237455625455;1,4125
"360";"intensity = 1";"int1_disp37";1;"Matern_cluster";0,01;100;0,691015625;NA;36,98155238;10000;"400";0,99888666;9988,8666;36,9970410034035;0,995473;0,975;0,0990381600870087;0,999178;0,9775;0,0944536996859686;0,988369540726817;0,97;0,0936679849683939;0,9542935;0,95406225;0,9543565;-0,00341365999999999;0,000291339999999973;-0,010517119273183;0,088332485824;0,083415982574;0,0831192552563762;0,29720781588646;0,288818251802063;0,288304102045698;0,953710161850619;0,945776707544881;1,38203125
"369";"intensity = 1";"int1_disp38";1;"Matern_cluster";0,01;100;0,675;NA;38,01427388;10000;"400";1,00133156;10013,3156;38,047526808302;1,00850825;0,985;0,10290267182412;1,000885;0,9825;0,0938282170967097;1,00529425;0,9825;0,0968484251344509;0,95490375;0,9551805;0,955057;0,0071766900000001;-0,000446559999999874;0,00396269000000005;0,092723537111;0,083833075536;0,087487018111;0,304505397507171;0,289539419658187;0,29578204494357;0,911815168969371;0,941165311042489;1,35
"378";"intensity = 1";"int1_disp39";1;"Matern_cluster";0,01;100;0,6625;NA;38,95358881;10000;"400";1,00079721;10007,9721;38,8838896014949;0,99879325;0,9775;0,103006560035441;1,001847;0,98;0,100710848425843;1,00066074498747;0,9825;0,0971478427760916;0,95607475;0,95588225;0,955972;-0,00200396000000003;0,00104978999999994;-0,000136465012531284;0,094314852606;0,090262147081;0,0871614684232939;0,307107233073401;0,30043659411097;0,29523121180406;0,977712957225165;0,943122872394403;1,325
"387";"intensity = 1";"int1_disp40";1;"Matern_cluster";0,01;100;0,646875;NA;39,95754615;10000;"400";1,0000445;10000,445;39,9530812196468;0,996012;0,9725;0,105295315387539;0,99603;0,97375;0,100380130863086;1,00138252944862;0,98;0,100632965087931;0,957073;0,95698425;0,9569455;-0,00403249999999999;-0,00401450000000003;0,0013380294486216;0,094893320708;0,089897953558;0,0906248158912336;0,308047594874558;0,299829874358777;0,301039558681635;0,953320007577145;0,955721199158308;1,29375
"396";"intensity = 1";"int1_disp41";1;"Matern_cluster";0,01;100;0,63125;NA;40,98332096;10000;"400";1,00021539;10002,1539;41,0621996519355;0,9991745;0,98;0,110567709070657;1,00142925;0,985;0,101052248094247;1,00457675;0,98;0,105004626947132;0,95808825;0,95788625;0,95783775;-0,00104088999999996;0,00121386000000001;0,00436136000000009;0,099010248129;0,091169620904;0,094311350904;0,314658939375636;0,301943075602008;0,307101531914121;0,913939964421897;0,949686195270901;1,2625
"405";"intensity = 1";"int1_disp42";1;"Matern_cluster";0,01;100;0,61875;NA;41,95170788;10000;"400";0,99975411;9997,5411;41,930413050679;1,00315025;0,98;0,110362691569094;1,001917;0,9775;0,103938972758276;0,99928475;0,975;0,106830910883526;0,958737;0,95874525;0,95873475;0,00339613999999999;0,00216288999999992;-0,000469359999999974;0,100664363792;0,093554023917;0,096658491792;0,317276478472641;0,305866022822085;0,310899488246604;0,941794471306484;0,96799841834813;1,2375
"414";"intensity = 1";"int1_disp43";1;"Matern_cluster";0,01;100;0,60625;NA;42,96624406;10000;"400";1,0014701;10014,701;42,8779072334917;0,99919075;0,97;0,11466440342978;1,004094;0,975;0,109474769140914;0,99743325;0,975;0,106400401209558;0,95949625;0,95939275;0,95951425;-0,0022793499999999;0,00262390000000012;-0,00403684999999987;0,104274070965;0,09870247774;0,096664236065;0,322914959339142;0,31416950479001;0,310908726260618;0,95474066812684;0,927928790688011;1,2125
"423";"intensity = 1";"int1_disp44";1;"Matern_cluster";0,01;100;0,59140625;NA;44,01152564;10000;"400";0,9990927;9990,927;43,9779768919185;0,99657275;0,975;0,113427096042042;1,005002;0,9825;0,107931333129313;1,00064799937343;0,9775;0,110692204320381;0,96052525;0,96032325;0,96050275;-0,00251995000000005;0,0059092999999999;0,00155529937343357;0,103492033459;0,098471691834;0,100376429307939;0,321701777208333;0,313801994630372;0,316822393949574;0,951548059462866;0,975888550292717;1,1828125
"432";"intensity = 1";"int1_disp45";1;"Matern_cluster";0,01;100;0,577929688;NA;45,02018552;10000;"400";1,00035894;10003,5894;45,0257767085094;0,99934225;0,975;0,117543248564794;0,9957015;0,9725;0,111033094957246;0,99617525;0,9725;0,111790996012039;0,96131725;0,96146175;0,96133325;-0,00101668999999993;-0,0046574399999999;-0,00418368999999996;0,107641543637;0,101600455362;0,102286407937;0,32808770723238;0,31874826330821;0,319822463152606;0,944614823164772;0,95106267162946;1,155859376
"441";"intensity = 1";"int1_disp46";1;"Matern_cluster";0,01;100;0,565625;NA;45,9802245;10000;"400";1,0011907;10011,907;45,9750602283305;1,0005315;0,9725;0,120864855243274;1,00319225;0,975;0,116190795494487;1,00721025;0,985;0,114868863556293;0,9620045;0,96200725;0,9619985;-0,000659200000000082;0,00200154999999991;0,00601954999999998;0,11145861534;0,106307676915;0,104740511015;0,333854182750494;0,326048580605713;0,323636387037984;0,961328214563452;0,950390941395556;1,13125
"450";"intensity = 1";"int1_disp47";1;"Matern_cluster";0,01;100;0,552929688;NA;47,00473488;10000;"400";1,00010034;10001,0034;46,9742758426681;1,006619;0,98;0,126766853024302;1,00617975;0,9825;0,116999420006938;1,004808;0,98;0,116763790765077;0,96261225;0,96262275;0,96260325;0,00651866000000001;0,00607941000000012;0,00470766;0,116393535948;0,106528845023;0,106930577198;0,34116496881714;0,326387568732328;0,327002411608844;0,922949629304975;0,921090868625505;1,105859376
"459";"intensity = 1";"int1_disp48";1;"Matern_cluster";0,01;100;0,539819336;NA;48,03261451;10000;"400";0,99999535;9999,9535;48,0612220313196;1,0064375;0,98;0,126702375081258;0,99818625;0,97;0,11995134232017;1,00313625;0,9775;0,121294791540092;0,963602;0,96370725;0,96357925;0,00644215000000015;-0,0018090999999999;0,00314090000000011;0,116159011345;0,11039724687;0,11101159967;0,340821084067579;0,332260811517097;0,333184032735664;0,946717393760307;0,957320582682854;1,079638672
"468";"intensity = 1";"int1_disp49";1;"Matern_cluster";0,01;100;0,528528786;NA;49,0449065;10000;"400";1,00012514;10001,2514;48,9334653446336;1,00753175;0,9825;0,126633146681606;0,9997295;0,975;0,122754298509601;1,0030305;0,9825;0,122794360505801;0,964229;0,96436175;0,9642595;0,00740661000000009;-0,000395639999999919;0,00290535999999997;0,117274251787;0,113131099312;0,112830495912;0,342453284094342;0,33634966822044;0,335902509535133;0,969369408613392;0,969685771250264;1,057057572
"477";"intensity = 1";"int1_disp50";1;"Matern_cluster";0,01;100;0,51640625;NA;49,96020108;10000;"400";1,00026074;10002,6074;49,9481016390546;0,9947755;0,9675;0,128097783128063;0,999722;0,97;0,126205849550955;1,00393325;0,975;0,125607289648402;0,9652655;0,964958;0,9649595;-0,00548524000000006;-0,000538740000000093;0,00367250999999991;0,117917549566;0,115778197116;0,116477533691;0,343391248528555;0,340261953670992;0,341288050905683;0,985230551763599;0,980557872128274;1,0328125
"486";"intensity = 1";"int1_disp51";1;"Matern_cluster";0,01;100;0,502734375;NA;51,02311239;10000;"400";0,99874257;9987,4257;51,071392313677;0,998499;0,9725;0,130402078456846;0,99617625;0,97;0,125906511462084;0,9984445;0,97;0,126005120931843;0,965838;0,96599875;0,965903;-0,000243569999999971;-0,00256632000000001;-0,000298070000000039;0,120885137655;0,11623122043;0,115795071905;0,347685400405309;0,340927001614715;0,340286749528982;0,965525342479494;0,966281538016608;1,00546875
"495";"intensity = 1";"int1_disp52";1;"Matern_cluster";0,01;100;0,5;NA;52,00600416;10000;"400";0,99859179;9985,9179;51,2808293645566;0,99877525;0,9725;0,133666205983036;1,0058945;0,9775;0,127940485168267;0,99796925;0,97;0,125881327312169;0,96613125;0,96595125;0,966147;0,000183460000000024;0,00730270999999993;-0,000622539999999949;0,123390792576;0,118124653401;0,116490857076;0,351270255751893;0,343692672893968;0,34130756961427;0,957164035796036;0,94175881170851;1
"504";"intensity = 1";"int1_disp53";1;"Matern_cluster";0,01;100;0,4796875;NA;53,0320625;10000;"400";0,99953069;9995,3069;53,0024917170187;0,997061;0,9725;0,133306929221922;0,99337075;0,975;0,129462378657303;0,9961915;0,9675;0,133962276555406;0,9671035;0,96752275;0,9672655;-0,00246969000000008;-0,00615994000000009;-0,00333919000000005;0,122245103447;0,121191645572;0,124006118047;0,349635672446334;0,348125904770099;0,35214502416902;0,971160159587663;1,00491607853627;0,959375
"513";"intensity = 1";"int1_disp54";1;"Matern_cluster";0,01;100;0,4703125;NA;53,98896794;10000;"400";0,99887519;9988,7519;53,8346763438002;1,000147;0,97;0,140207901681168;0,99973525;0,9675;0,134590629595397;1,002979;0,9775;0,135915319590959;0,96773125;0,9678325;0,9677305;0,00127180999999987;0,00086005999999994;0,00410381000000004;0,131744518789;0,124540129014;0,125569685489;0,362966277757315;0,352902435545577;0,354358131681778;0,959936123296783;0,9693841642394;0,940625
"522";"intensity = 1";"int1_disp55";1;"Matern_cluster";0,01;100;0,458203125;NA;55,03502771;10000;"400";1,00041743;10004,1743;54,8764933566859;1,00152675;0,975;0,138465713730811;1,00506125;0,9775;0,142164658339271;1,0013415;0,9725;0,140583062433993;0,9684695;0,96843425;0,968311;0,00110932000000008;0,00464382000000008;0,000924070000000166;0,128443701654;0,131741107054;0,130175736479;0,358390431867258;0,362961577930778;0,360798747890011;1,02671379440294;1,01529150174533;0,91640625
"531";"intensity = 1";"int1_disp56";1;"Matern_cluster";0,01;100;0,44453125;NA;56,04124453;10000;"400";1,00067771;10006,7771;56,0109273409789;0,9952125;0,9625;0,145053720215772;0,999932;0,9725;0,139653625738574;0,99959525;0,9675;0,14071518832127;0,9692955;0,96925125;0,96921975;-0,00546521;-0,0007457099999999;-0,0010824599999999;0,135180169259;0,128427746409;0,131074600584;0,367668558975336;0,358368171590335;0,362042263532864;0,962771761598635;0,970090171503025;0,8890625
"540";"intensity = 1";"int1_disp57";1;"Matern_cluster";0,01;100;0,434375;NA;56,9753827;10000;"400";1,00060019;10006,0019;56,9239021388833;0,998601;0,97;0,149715136812681;1,00301225;0,975;0,14634902312725;1,000371;0,9725;0,143343556714671;0,9697505;0,96970275;0,96968025;-0,00199918999999993;0,00241206000000016;-0,00022918999999999;0,138853005405;0,13588909283;0,132669703705;0,372629850394463;0,368631377978055;0,364238525838495;0,97751654403761;0,957441977921166;0,86875
"549";"intensity = 1";"int1_disp58";1;"Matern_cluster";0,01;100;0,421875;NA;57,99106999;10000;"400";0,99910115;9991,0115;58,0449276921656;1,0077125;0,9775;0,146884335777328;0,99239575;0,9625;0,14650166242318;0,997688278195489;0,9675;0,146752711940427;0,9703725;0,970627;0,97053875;0,00861135000000002;-0,00670539999999997;-0,00141287180451122;0,137222366389;0,136362426964;0,136788912990371;0,37043537410593;0,369272835399519;0,369849851953966;0,997394729995389;0,99910389466512;0,84375
"558";"intensity = 1";"int1_disp59";1;"Matern_cluster";0,01;100;0,412597656;NA;58,99385045;10000;"400";0,99946754;9994,6754;58,8508195724311;0,994421;0,965;0,151220308039804;1,000453;0,97;0,144666676458646;0,99753625;0,97;0,145670720132951;0,97115425;0,971005;0,971019;-0,00504654000000004;0,000985459999999994;-0,00193129000000003;0,14104035298;0,13530204448;0,134718345105;0,375553395644348;0,367834262243201;0,367039977529696;0,956661696658936;0,963301305368374;0,825195312
"567";"intensity = 1";"int1_disp60";1;"Matern_cluster";0,01;100;0,403125;NA;59,97261697;10000;"400";0,99817199;9981,7199;59,6543897040684;0,99552775;0,965;0,149710090613999;0,99421375;0,965;0,148927056391577;0,996633054511278;0,9625;0,151313269997196;0,9715395;0,97162875;0,9715695;-0,00264423999999996;-0,00395824;-0,00153893548872186;0,139190392884;0,139281349484;0,140780841325933;0,373082287014541;0,373204165952097;0,375207730898409;0,994769663025312;1,01070855930033;0,80625
"576";"intensity = 1";"int1_disp61";1;"Matern_cluster";0,01;100;0,387304688;NA;61,00331239;10000;"400";0,99975806;9997,5806;61,0938058072104;0,999779;0,9675;0,157314791388139;1,005068;0,975;0,150254597085709;0,99850725;0,9625;0,150443972969734;0,97229475;0,972197;0,97244425;2,09399999999693e-05;0,00530994000000007;-0,00125081000000005;0,149963124692;0,140344804042;0,141842248617;0,38725072587666;0,374626219106458;0,376619501110869;0,955120594572631;0,956324396722161;0,774609376
"585";"intensity = 1";"int1_disp62";1;"Matern_cluster";0,01;100;0,375;NA;62,03336874;10000;"400";1,00045491;10004,5491;62,2667980963539;1,00366525;0,9725;0,159981255943032;1,00976975;0,9825;0,1567626126212;0,99805625;0,9725;0,154568689329871;0,972982;0,97292475;0,97305625;0,00321034000000009;0,00931484000000005;-0,00239866;0,15011905567;0,14763816237;0,14331971492;0,387452004343764;0,384237117376757;0,378575903776244;0,979881122304863;0,966167495177756;0,75
"594";"intensity = 1";"int1_disp63";1;"Matern_cluster";0,01;100;0,366210938;NA;63,01507878;10000;"400";0,99923352;9992,3352;63,0545835119718;0,99215575;0,9675;0,16073206532347;1,004851;0,97;0,158547330032003;1,00018825;0,9675;0,158697564943432;0,97356275;0,973441;0,973498;-0,00707776999999998;0,00561747999999995;0,000954729999999904;0,150824357179;0,147915522754;0,148893377829;0,388361116976198;0,38459787148917;0,385867046829604;0,986407595229552;0,9873422868303;0,732421876
"603";"intensity = 1";"int1_disp64";1;"Matern_cluster";0,01;100;0,35625;NA;63,9952073;10000;"400";0,99920479;9992,0479;63,9593570300591;1,008695;0,975;0,165811924417442;0,9949595;0,9575;0,157890902449995;0,99417425;0,96;0,161833219583896;0,97391;0,97409675;0,97414275;0,00949020999999994;-0,00424528999999996;-0,00503053999999992;0,155523523191;0,148246749691;0,151168408416;0,394364708348757;0,385028245315847;0,388803817388667;0,952228876208534;0,976004712281553;0,7125
"612";"intensity = 1";"int1_disp65";1;"Matern_cluster";0,01;100;0,34453125;NA;64,95634902;10000;"400";0,99943318;9994,3318;65,0372606659475;0,9895545;0,955;0,163386721451895;1,00106375;0,9725;0,162785695130451;0,993323439223058;0,95875;0,158674354320295;0,9747725;0,97466775;0,97465275;-0,00987868000000003;0,00163056999999989;-0,00610974077694237;0,153135351828;0,152452811053;0,148358155310882;0,391325122919549;0,390452059865229;0,385172890155683;0,9963214494048;0,971158200068375;0,6890625
"621";"intensity = 1";"int1_disp66";1;"Matern_cluster";0,01;100;0,334375;NA;65,95344819;10000;"400";0,99945506;9994,5506;65,9780985411311;0,99809875;0,96;0,167598163189756;0,999056;0,97;0,160549047518752;1,000667;0,9675;0,168307274588459;0,97527225;0,97525175;0,9751055;-0,00135630999999992;-0,000399060000000007;0,00121194000000002;0,157907829687;0,150738965612;0,157747115312;0,397376181579873;0,388251163052991;0,39717391066383;0,957940376333221;1,00423102130242;0,66875
"630";"intensity = 1";"int1_disp67";1;"Matern_cluster";0,01;100;0,325000763;NA;67,03586786;10000;"400";0,9999998;9999,998;66,9019716553687;0,99775575;0,9625;0,170254675684506;0,98904975;0,9525;0,16434025292523;1,0001405;0,97;0,167107766036354;0,97566675;0,97580575;0,97565475;-0,00224404999999994;-0,01095005;0,000140700000000105;0,159233959997;0,152500467347;0,156648631872;0,399041301116814;0,390513082171392;0,395788620190121;0,965261319634852;0,98151645682857;0,650001526
"639";"intensity = 1";"int1_disp68";1;"Matern_cluster";0,01;100;0,312365723;NA;67,98491096;10000;"400";0,99988027;9998,8027;68,1247965226621;0,99644425;0,9625;0,174134952012139;1,00773925;0,975;0,169726847319169;0,999829236215539;0,9625;0,174714745707492;0,976326;0,976184;0,9763;-0,00343601999999998;0,00785897999999996;-5,10337844611408e-05;0,16350807231;0,15932559596;0,165252616532201;0,404361314062065;0,399156104751011;0,406512750762139;0,974685698407853;1,00332956530928;0,624731446
"648";"intensity = 1";"int1_disp69";1;"Matern_cluster";0,01;100;0,299609375;NA;69,02736499;10000;"400";0,99958965;9995,8965;69,2745136619722;1,001402;0,9675;0,17681999639564;1,001285;0,9675;0,172062858810881;0,99949375;0,9625;0,173997887874725;0,97697775;0,97692025;0,976853;0,00181234999999991;0,00169534999999998;-9,59000000000376e-05;0,165597012175;0,161910091125;0,1635603235;0,406936127881268;0,402380530250906;0,404425918432536;0,973096156081158;0,984039652876137;0,59921875
"657";"intensity = 1";"int1_disp70";1;"Matern_cluster";0,01;100;0,292808533;NA;70,00075186;10000;"400";1,00024372;10002,4372;69,9561397938534;0,9983325;0,9675;0,175470287722522;1,0028615;0,9725;0,168922777845535;1,00042275;0,9675;0,175112610668504;0,977257;0,97728;0,9772865;-0,0019112200000001;0,00261778000000001;0,000179029999999969;0,165541730542;0,158531664042;0,166055347667;0,406868197997828;0,398160349660787;0,407498892841441;0,962685934114717;0,997961609007084;0,585617066
"666";"intensity = 1";"int1_disp71";1;"Matern_cluster";0,01;100;0,28359375;NA;71,04976122;10000;"400";0,99922036;9992,2036;70,8467232367413;0,99628825;0,96;0,176136928479785;0,99244125;0,9625;0,173265656239061;0,99949825;0,9625;0,176897732395177;0,9777565;0,97779375;0,9777675;-0,00293211000000004;-0,00677910999999998;0,000277890000000003;0,166324023021;0,164046843221;0,166797604521;0,407828423507975;0,405026966041769;0,40840862444493;0,983698635683581;1,00431938902284;0,5671875
"675";"intensity = 1";"int1_disp72";1;"Matern_cluster";0,01;100;0,270703125;NA;71,99618501;10000;"400";1,00020095;10002,0095;72,1187529471956;1,0036305;0,97;0,182455735043254;0,99886;0,9575;0,183932278627863;1,00162425;0,965;0,178397254662404;0,97832825;0,97840875;0,978383;0,00342955000000011;-0,00134095000000001;0,00142330000000013;0,172655205255;0,173303215155;0,16757212893;0,415517996307019;0,41629702755965;0,409355748622149;1,00809261262332;0,977756356192978;0,54140625
"684";"intensity = 1";"int1_disp73";1;"Matern_cluster";0,01;100;0,264257813;NA;72,97760852;10000;"400";1,0003356;10003,356;72,7691439279151;0,99798575;0,9625;0,182316338805818;1,00419325;0,9675;0,18339650442988;0,9946035;0,9625;0,173921278665617;0,9787785;0,9786495;0,97868525;-0,0023498500000001;0,00385764999999982;-0,00573210000000013;0,172371818679;0,172848711929;0,165257278404;0,415176852291888;0,415750781032339;0,406518484701495;1,00592467812341;0,95395333081396;0,528515626
"693";"intensity = 1";"int1_disp74";1;"Matern_cluster";0,01;100;0,250952148;NA;74,03955321;10000;"400";0,99896752;9989,6752;74,0547649918192;1,0042485;0,97;0,186452249222672;0,9963315;0,965;0,182750728430593;1,00394625;0,9675;0,187700172753213;0,97925225;0,97934925;0,97924725;0,0052809800000001;-0,00263601999999996;0,00497873000000004;0,175902344356;0,172247204056;0,176629345531;0,419407134364689;0,41502675101251;0,420272941706934;0,980147620597172;1,00669299263347;0,501904296
"702";"intensity = 1";"int1_disp75";1;"Matern_cluster";0,01;100;0,240405273;NA;74,9915811;10000;"400";0,99935747;9993,5747;75,0940491115664;1,00407625;0,97;0,191960497110649;0,998717;0,96;0,186327450406041;0,99734825;0,9625;0,18679077792473;0,979737;0,97981575;0,97990775;0,00471878000000003;-0,000640470000000004;-0,00200921999999992;0,180603287164;0,175783583639;0,177548977214;0,42497445471934;0,419265528798875;0,42136560990902;0,970655177552697;0,973068838309276;0,480810546
